Raptive,Data Scientist,https://www.linkedin.com/jobs/view/4280470430/,,United States,2025-08-13 16:34:51.849848
Wealthfront,"Data Scientist, Marketing",https://www.linkedin.com/jobs/view/4274395060/,,United States,2025-08-14 15:35:35.181683
EXL,Data Scientist,https://www.linkedin.com/jobs/view/4266437972/,,Remote,2025-08-14 16:07:23.724642
Ideal Folks LLC,Data Scientist,https://www.linkedin.com/jobs/view/4267664751/,,Remote,2025-08-14 16:14:22.218350
Aretum,Python Developer,https://www.linkedin.com/jobs/view/4283523784/,,United States,2025-08-14 16:42:15.075582
EXL,Data Scientist,https://www.linkedin.com/jobs/view/4266437972/,,Remote,2025-08-15 16:35:40.593701
Stealth Startup,Data Scientist,https://www.linkedin.com/jobs/view/4253995921/,,Remote,2025-08-15 16:35:55.668598
Fusemachines,Data Scientist,https://www.linkedin.com/jobs/view/4286659669/,,Remote,2025-08-15 16:36:15.219902
Tek Tron IT,Data Scientist with Machine Learning specialization:,https://www.linkedin.com/jobs/view/4251667990/,,Remote,2025-08-15 16:36:29.717226
Turing,Remote Data Scientist - 17843,https://www.linkedin.com/jobs/view/4283518305/,,Remote,2025-08-15 16:36:42.273269
Cyble,Artificial Intelligence Scientist,https://www.linkedin.com/jobs/view/4268124042/,,Remote,2025-08-15 16:36:57.027905
Recro,Data Scientist,https://www.linkedin.com/jobs/view/4279255194/,,Remote,2025-08-15 16:37:13.830391
FairMoney,Senior Data Scientist,https://www.linkedin.com/jobs/view/4283359650/,,Remote,2025-08-15 16:37:27.457986
Aigentity,Data Science Analyst,https://www.linkedin.com/jobs/view/4261917787/,,Remote,2025-08-15 16:37:45.336646
World Wide Technology,Data Scientist,https://www.linkedin.com/jobs/view/4252364364/,,Remote,2025-08-15 16:37:55.873213
Valiance Solutions,Data Scientist,https://www.linkedin.com/jobs/view/4282629567/,,Remote,2025-08-15 16:38:12.683789
ValueLabs,Data Scientist,https://www.linkedin.com/jobs/view/4283003687/,,Remote,2025-08-15 16:38:26.421762
Lingaro,Data Scientist,https://www.linkedin.com/jobs/view/4268161509/,,Remote,2025-08-15 16:38:36.824504
MEXC,Social Media Director,https://www.linkedin.com/jobs/view/4278870661/,,Remote,2025-08-15 16:38:58.024701
WorkSocial | Shared Office Space | Enterprise Coworking (TM),Data Scientist,https://www.linkedin.com/jobs/view/4282371085/,,Remote,2025-08-15 16:39:13.968184
Coinbase,Machine Learning Engineer - Platform,https://www.linkedin.com/jobs/view/4255142790/,,Remote,2025-08-15 16:39:27.462031
Adroit Innovative Solutions Inc,ML Engineer/Data Scientist,https://www.linkedin.com/jobs/view/4274120617/,,Remote,2025-08-15 16:39:43.499574
Intellias,Machine Learning Engineer,https://www.linkedin.com/jobs/view/4265164200/,,Remote,2025-08-15 16:39:56.550827
Mercle,Machine Learning Engineer,https://www.linkedin.com/jobs/view/4284181841/,,Remote,2025-08-15 16:40:13.999401
Live Connections,Senior Data Scientist,https://www.linkedin.com/jobs/view/4280539008/,,Remote,2025-08-15 16:40:29.500614
ValueMatrix.AI,Senior Data Scientist,https://www.linkedin.com/jobs/view/4272005476/,,Remote,2025-08-15 16:40:44.613671
91HR ,Data Scientist,https://www.linkedin.com/jobs/view/4282539752/,,Remote,2025-08-15 16:40:58.505283
Tide,Lead Data Scientist,https://www.linkedin.com/jobs/view/4145638803/,,Remote,2025-08-15 16:41:16.568493
Megovation,Senior Data Scientist (Advanced Modeling & Machine Learning),https://www.linkedin.com/jobs/view/4261800471/,,Remote,2025-08-15 16:41:29.843005
SystemBender,Data Scientist,https://www.linkedin.com/jobs/view/4282215071/,,Remote,2025-08-15 16:41:48.364176
Weekday AI (YC W21),Data Analyst / Data Scientist,https://www.linkedin.com/jobs/view/4283714096/,,Remote,2025-11-09 21:55:30.909323
Xebia,Data Scientist,https://www.linkedin.com/jobs/view/4333104434/,,Remote,2025-11-09 21:55:36.480968
Forbes Advisor,Data Scientist,https://www.linkedin.com/jobs/view/4302705404/,,Remote,2025-11-09 21:55:41.260387
Cyble,Artificial Intelligence Scientist,https://www.linkedin.com/jobs/view/4268124042/,,Remote,2025-11-09 21:55:47.578488
Turing,Data Scientist - 17843,https://www.linkedin.com/jobs/view/4333946207/,,Remote,2025-11-09 21:55:52.512879
Recro,Senior Data Scientist,https://www.linkedin.com/jobs/view/4319564411/,,Remote,2025-11-09 21:55:58.195497
DraconX,Data Engineer,https://www.linkedin.com/jobs/view/4321604404/,,Remote,2025-11-09 21:56:04.173058
Valiance Solutions,Data Scientist,https://www.linkedin.com/jobs/view/4282629567/,,Remote,2025-11-09 21:56:09.327776
ValueMatrix.AI,Senior Data Scientist,https://www.linkedin.com/jobs/view/4319109338/,,Remote,2025-11-09 21:56:14.653473
Elife Transfer,Senior Machine Learning Engineer,https://www.linkedin.com/jobs/view/4295421911/,,Remote,2025-11-09 21:56:19.801239
Gabeo.ai,Machine Learning Engineer,https://www.linkedin.com/jobs/view/4286680097/,,Remote,2025-11-09 21:56:25.902283
Adroit Innovative Solutions Inc,ML Engineer/Data Scientist,https://www.linkedin.com/jobs/view/4274120617/,,Remote,2025-11-09 21:56:31.827029
Tek Tron IT,Data Scientist with Machine Learning specialization:,https://www.linkedin.com/jobs/view/4334805088/,,Remote,2025-11-09 21:56:37.113976
Straive,Data Scientist-Customer Analytics,https://www.linkedin.com/jobs/view/4311959288/,,Remote,2025-11-09 21:56:43.875088
V3 Staffing,Machine Learning Engineer,https://www.linkedin.com/jobs/view/4319159046/,,Remote,2025-11-09 21:56:49.641505
Proximity Works,Data Scientist,https://www.linkedin.com/jobs/view/4283454452/,,Remote,2025-11-09 21:56:56.471869
Ocwen Financial Solutions Pvt. Ltd. - APAC,"Manager, Data Scientist and Machine Learning Engineer",https://www.linkedin.com/jobs/view/4319370721/,,Remote,2025-11-09 21:57:03.145403
Ironbook AI,Artificial Intelligence Engineer,https://www.linkedin.com/jobs/view/4321692399/,,Remote,2025-11-09 21:57:08.061278
Ascendion,Artificial Intelligence Engineer,https://www.linkedin.com/jobs/view/4334806664/,,Remote,2025-11-09 21:57:14.119582
Tide,Lead Data Scientist(Gen AI),https://www.linkedin.com/jobs/view/4320413758/,,Remote,2025-11-09 21:57:19.107102
Qubryx,Data Scientist,https://www.linkedin.com/jobs/view/4309703923/,,Remote,2025-11-09 21:57:23.870198
Aventis Solutions,AI Consultant,https://www.linkedin.com/jobs/view/4317348196/,,Remote,2025-11-09 21:57:29.028521
Crum & Forster,Artificial Intelligence Engineer,https://www.linkedin.com/jobs/view/4334236807/,,Remote,2025-11-09 21:57:34.498404
"Informatic Technologies, Inc.",Artificial Intelligence Engineer,https://www.linkedin.com/jobs/view/4317465030/,,Remote,2025-11-09 21:57:40.310848
Innodata Inc.,AI/ML Engineer,https://www.linkedin.com/jobs/view/4337911293/,,Remote,2025-11-09 21:57:46.491255
OWOW,AI/ML Engineer,https://www.linkedin.com/jobs/view/4321631530/,,Remote,2025-11-09 22:10:08.408794
Entrustech,Data scientist,https://www.linkedin.com/jobs/view/4334737225/,,Remote,2025-11-09 22:10:14.429552
QuillBot,Marketing Data Scientist,https://www.linkedin.com/jobs/view/4317872425/,,Remote,2025-11-09 22:10:20.658605
Recro,Data Modeler,https://www.linkedin.com/jobs/view/4314238296/,,Remote,2025-11-09 22:10:25.785154
INSPYR Solutions,Machine Learning Engineer,https://www.linkedin.com/jobs/view/4320624023/,,Remote,2025-11-09 22:10:32.283310
BayOne Solutions,Machine Learning Engineer,https://www.linkedin.com/jobs/view/4318897951/,,Remote,2025-11-09 22:10:37.868758
goML,Machine Learning Engineer,https://www.linkedin.com/jobs/view/4334862218/,,Remote,2025-11-09 22:10:43.314538
BCI~IT,Generative AI Engineer,https://www.linkedin.com/jobs/view/4331304004/,,Remote,2025-11-09 22:10:48.319272
NethraConnect Media Group,Software Developer,https://www.linkedin.com/jobs/view/4334928067/,,Remote,2025-11-09 22:20:03.297579
Spike,Software Engineer,https://www.linkedin.com/jobs/view/4320854068/,,Remote,2025-11-09 22:20:08.448749
Abacus.AI,Frontend Developer,https://www.linkedin.com/jobs/view/4316262506/,,Remote,2025-11-09 22:20:13.215172
Jungle,Back End Developer,https://www.linkedin.com/jobs/view/4321563054/,,Remote,2025-11-09 22:20:19.271828
Matterbay,Java Software Engineer,https://www.linkedin.com/jobs/view/4316466456/,,Remote,2025-11-09 22:20:24.059897
Joveo,Software Development Engineer I,https://www.linkedin.com/jobs/view/4339550357/,,Remote,2025-11-09 22:20:30.299806
Proglite,AWS Cloud Engineer,https://www.linkedin.com/jobs/view/4320404701/,,Remote,2025-11-09 22:20:36.450608
Ironbook AI,Artificial Intelligence Engineer,https://www.linkedin.com/jobs/view/4321692399/,,Remote,2025-11-09 22:20:41.302304
Avici Money,Growth Hacker,https://www.linkedin.com/jobs/view/4318867081/,,Remote,2025-11-09 22:20:47.252855
GBIT (Global Bridge InfoTech Inc),Frontend Developer,https://www.linkedin.com/jobs/view/4320364707/,,Remote,2025-11-09 22:20:53.422007
Legend Holding Group,Junior Frontend Developer,https://www.linkedin.com/jobs/view/4338092838/,,Remote,2025-11-09 22:20:58.954058
Veracity Software Pvt. Ltd.,Full Stack Engineer,https://www.linkedin.com/jobs/view/4338193286/,,Remote,2025-11-09 22:21:04.620922
Delnie,Software Engineer I (Next.js | Node.js | AWS | MongoDB),https://www.linkedin.com/jobs/view/4321604657/,,Remote,2025-11-09 22:21:09.968764
Saradysol Tech Ventures Private Limited,AWS Cloud Engineer (Terraform Experts),https://www.linkedin.com/jobs/view/4334852790/,,Remote,2025-11-09 22:21:14.986183
SouthbridgeAI,Front End Developer,https://www.linkedin.com/jobs/view/4320440498/,,Remote,2025-11-09 22:21:21.683889
PangeaEmr LLC,Python Developer,https://www.linkedin.com/jobs/view/4331756329/,,Remote,2025-11-09 22:21:28.280384
Reflections Info Systems,Lead (Full Stack - FE / BE / React),https://www.linkedin.com/jobs/view/4319237076/,,Remote,2025-11-09 22:21:34.607701
Gokool Digital,Software Engineer,https://www.linkedin.com/jobs/view/4334155880/,,Remote,2025-11-09 22:21:40.937066
Uprety Capital,Quantitative Developer – Uprety Capital,https://www.linkedin.com/jobs/view/4280390653/,,Remote,2025-11-09 22:21:46.421211
Hireginie,Software Development Engineer 1,https://www.linkedin.com/jobs/view/4338192757/,,Remote,2025-11-09 22:21:51.807545
BigSpring,Senior Frontend Developer,https://www.linkedin.com/jobs/view/4321583621/,,Remote,2025-11-09 22:21:58.159784
Vehere,Software Test Engineer,https://www.linkedin.com/jobs/view/4337827856/,,Remote,2025-11-09 22:22:04.675085
Jobgether,Junior DevOps Engineer (India),https://www.linkedin.com/jobs/view/4334582886/,,Remote,2025-11-09 22:22:10.798252
im24x7 Delta Solutions FZCO,Full Stack Engineer,https://www.linkedin.com/jobs/view/4338169573/,,Remote,2025-11-09 22:22:16.100924
Platform9,Senior Frontend Developer,https://www.linkedin.com/jobs/view/4317173727/,,Remote,2025-11-09 22:22:22.465739
InterEx Group,Frontend Developer,https://www.linkedin.com/jobs/view/4339642712/,,United States,2025-11-10 20:35:52.863313
On-Demand Group,Software Engineer,https://www.linkedin.com/jobs/view/4321124097/,,United States,2025-11-10 20:35:59.258546
Capgemini,Java Developer,https://www.linkedin.com/jobs/view/4319351280/,,United States,2025-11-10 20:36:05.653128
twentyAI,Software Engineer,https://www.linkedin.com/jobs/view/4334617890/,,United States,2025-11-10 20:36:10.803335
Jobgether,"Software Engineer (TypeScript, React, NestJS)",https://www.linkedin.com/jobs/view/4339531400/,,United States,2025-11-10 20:36:16.265109
VITS Consulting Corp,Java Developer,https://www.linkedin.com/jobs/view/4334538570/,,United States,2025-11-10 20:36:22.944552
Osprey Software,Full Stack Software Engineer,https://www.linkedin.com/jobs/view/4338194822/,,United States,2025-11-10 20:36:28.545372
Sancus Day,Back End Developer,https://www.linkedin.com/jobs/view/4334743788/,,United States,2025-11-10 20:36:35.134081
XpertDirect,Frontend Developer,https://www.linkedin.com/jobs/view/4338009941/,,United States,2025-11-10 20:36:40.627234
Novia Infotech,Android Developer,https://www.linkedin.com/jobs/view/4338195348/,,United States,2025-11-10 20:36:45.935806
The Brixton Group,Android Developer,https://www.linkedin.com/jobs/view/4313051624/,,United States,2025-11-10 20:36:52.042575
"IQ Clarity, LLC",Frontend Developer,https://www.linkedin.com/jobs/view/4321410422/,,United States,2025-11-10 20:36:58.920226
Eliassen Group,Senior Full Stack Java Developer,https://www.linkedin.com/jobs/view/4321183632/,,United States,2025-11-10 20:37:04.107296
TEK Staffing Solutions Inc.,Full Stack Java Developer,https://www.linkedin.com/jobs/view/4334008345/,,United States,2025-11-10 20:37:10.283754
Daman,Lead Full Stack Engineer,https://www.linkedin.com/jobs/view/4321193557/,,United States,2025-11-10 20:37:16.830084
Data Capital Incorporation,Java Backend Developer,https://www.linkedin.com/jobs/view/4321510080/,,United States,2025-11-10 20:37:22.524548
Kalo Solutions,Frontend Developer,https://www.linkedin.com/jobs/view/4334650113/,,United States,2025-11-10 20:37:28.565830
Aimhire,Full Stack Engineer,https://www.linkedin.com/jobs/view/4321183363/,,United States,2025-11-10 20:37:33.607329
Saicon,Java Full Stack Developer,https://www.linkedin.com/jobs/view/4334358406/,,United States,2025-11-10 20:37:40.368825
Staffing Technologies,Full Stack Engineer,https://www.linkedin.com/jobs/view/4320887393/,,United States,2025-11-10 20:37:46.546875
SoTalent,Lead Software Engineer,https://www.linkedin.com/jobs/view/4339662720/,,United States,2025-11-10 20:37:52.352624
Techmunity,Frontend Developer,https://www.linkedin.com/jobs/view/4334595873/,,United States,2025-11-10 20:37:57.479851
Galent,Senior Frontend Developer,https://www.linkedin.com/jobs/view/4337968411/,,United States,2025-11-10 20:38:04.296538
Insight Global,Full Stack Developer (Java/React),https://www.linkedin.com/jobs/view/4319418603/,,United States,2025-11-10 20:38:10.176218
GSquared Group,Front End Developer (React),https://www.linkedin.com/jobs/view/4321310404/,,United States,2025-11-10 20:38:16.497427
Experian,Software Engineer,https://www.linkedin.com/jobs/view/4334822070/,,Remote,2025-11-10 20:47:12.029755
InterEx Group,Frontend Developer,https://www.linkedin.com/jobs/view/4339642712/,,Remote,2025-11-10 20:47:17.941488
On-Demand Group,Software Engineer,https://www.linkedin.com/jobs/view/4321124097/,,Remote,2025-11-10 20:47:24.064078
Wealthfront,"Software Engineer, Frontend",https://www.linkedin.com/jobs/view/4320724669/,,Remote,2025-11-10 20:47:29.075745
Jobgether,"Software Engineer (TypeScript, React, NestJS)",https://www.linkedin.com/jobs/view/4339531400/,,Remote,2025-11-10 20:47:34.335064
SS&C Technologies,Front End Engineer,https://www.linkedin.com/jobs/view/4334010251/,,Remote,2025-11-10 20:47:39.833348
"TalentBurst, an Inc 5000 company",Android Developer,https://www.linkedin.com/jobs/view/4334248921/,,Remote,2025-11-10 20:47:45.209946
